"Id","TableEnumOrId","FieldEnumOrId","CreatedById","CreatedDate"
"0G1Hp000001os7VKAQ","Incident","000000000000000","005Hp00000hnUYPIA2","2023-10-28 20:47:00"
"0G1Hp000001os7WKAQ","Problem","000000000000000","005Hp00000hnUYPIA2","2023-10-28 20:47:00"
"0G1Hp000001os7XKAQ","ChangeRequest","000000000000000","005Hp00000hnUYPIA2","2023-10-28 20:47:00"
"0G1Hp000002np32KAA","Account","Name","005Hp00000hnUYPIA2","2023-10-28 20:45:25"
"0G1Hp000002np33KAA","Account","Owner","005Hp00000hnUYPIA2","2023-10-28 20:45:25"
"0G1Hp000002np34KAA","Account","000000000000000","005Hp00000hnUYPIA2","2023-10-28 20:45:25"
"0G1Hp000002np35KAA","Contact","Account","005Hp00000hnUYPIA2","2023-10-28 20:45:25"
"0G1Hp000002np36KAA","Contact","Name","005Hp00000hnUYPIA2","2023-10-28 20:45:25"
"0G1Hp000002np37KAA","Contact","Owner","005Hp00000hnUYPIA2","2023-10-28 20:45:25"
"0G1Hp000002np38KAA","Contact","000000000000000","005Hp00000hnUYPIA2","2023-10-28 20:45:25"
"0G1Hp000002np39KAA","Lead","Name","005Hp00000hnUYPIA2","2023-10-28 20:45:25"
"0G1Hp000002np3AKAQ","Lead","Status","005Hp00000hnUYPIA2","2023-10-28 20:45:25"
"0G1Hp000002np3BKAQ","Lead","Owner","005Hp00000hnUYPIA2","2023-10-28 20:45:25"
"0G1Hp000002np3CKAQ","Lead","000000000000000","005Hp00000hnUYPIA2","2023-10-28 20:45:25"
"0G1Hp000002np3DKAQ","Opportunity","Name","005Hp00000hnUYPIA2","2023-10-28 20:45:25"
"0G1Hp000002np3EKAQ","Opportunity","StageName","005Hp00000hnUYPIA2","2023-10-28 20:45:25"
"0G1Hp000002np3FKAQ","Opportunity","Amount","005Hp00000hnUYPIA2","2023-10-28 20:45:25"
"0G1Hp000002np3GKAQ","Opportunity","CloseDate","005Hp00000hnUYPIA2","2023-10-28 20:45:25"
"0G1Hp000002np3HKAQ","Opportunity","Owner","005Hp00000hnUYPIA2","2023-10-28 20:45:25"
"0G1Hp000002np3IKAQ","Opportunity","000000000000000","005Hp00000hnUYPIA2","2023-10-28 20:45:25"
"0G1Hp000002np3JKAQ","Case","Priority","005Hp00000hnUYPIA2","2023-10-28 20:45:25"
"0G1Hp000002np3KKAQ","Case","Owner","005Hp00000hnUYPIA2","2023-10-28 20:45:25"
"0G1Hp000002np3LKAQ","Case","000000000000000","005Hp00000hnUYPIA2","2023-10-28 20:45:25"
"0G1Hp000002np3MKAQ","ContentDocument","000000000000000","005Hp00000hnUYPIA2","2023-10-28 20:45:25"
"0G1Hp000002np3NKAQ","CollaborationGroup","Name","005Hp00000hnUYPIA2","2023-10-28 20:45:25"
"0G1Hp000002np3OKAQ","CollaborationGroup","Owner","005Hp00000hnUYPIA2","2023-10-28 20:45:25"
"0G1Hp000002np3PKAQ","CollaborationGroup","CollaborationType","005Hp00000hnUYPIA2","2023-10-28 20:45:25"
"0G1Hp000002np3QKAQ","CollaborationGroup","Description","005Hp00000hnUYPIA2","2023-10-28 20:45:25"
"0G1Hp000002np3RKAQ","CollaborationGroup","InformationTitle","005Hp00000hnUYPIA2","2023-10-28 20:45:25"
"0G1Hp000002np3SKAQ","CollaborationGroup","InformationBody","005Hp00000hnUYPIA2","2023-10-28 20:45:25"
"0G1Hp000002np3TKAQ","CollaborationGroup","CanHaveGuests","005Hp00000hnUYPIA2","2023-10-28 20:45:25"
"0G1Hp000002np3UKAQ","CollaborationGroup","000000000000000","005Hp00000hnUYPIA2","2023-10-28 20:45:25"
"0G1Hp000002np3VKAQ","Site","000000000000000","005Hp00000hnUYPIA2","2023-10-28 20:45:25"
"0G1Hp000002np3WKAQ","Topic","000000000000000","005Hp00000hnUYPIA2","2023-10-28 20:45:25"
"0G1Hp000002np3XKAQ","User","Title","005Hp00000hnUYPIA2","2023-10-28 20:45:25"
"0G1Hp000002np3YKAQ","User","Address","005Hp00000hnUYPIA2","2023-10-28 20:45:25"
"0G1Hp000002np3ZKAQ","User","Email","005Hp00000hnUYPIA2","2023-10-28 20:45:25"
"0G1Hp000002np3aKAA","User","Phone","005Hp00000hnUYPIA2","2023-10-28 20:45:25"
"0G1Hp000002np3bKAA","User","Manager","005Hp00000hnUYPIA2","2023-10-28 20:45:25"
"0G1Hp000002np3cKAA","User","AboutMe","005Hp00000hnUYPIA2","2023-10-28 20:45:25"
"0G1Hp000002np3dKAA","User","000000000000000","005Hp00000hnUYPIA2","2023-10-28 20:45:25"
"0G1Hp000002np3eKAA","SOSSession","000000000000000","005Hp00000hnUYPIA2","2023-10-28 20:45:25"
"0G1Hp000002np3fKAA","ProfileSkill","Name","005Hp00000hnUYPIA2","2023-10-28 20:45:25"
"0G1Hp000002np3gKAA","ProfileSkill","Description","005Hp00000hnUYPIA2","2023-10-28 20:45:25"
"0G1Hp000002np3hKAA","ProfileSkill","000000000000000","005Hp00000hnUYPIA2","2023-10-28 20:45:25"
"0G1Hp000002np3iKAA","WorkCoaching","000000000000000","005Hp00000hnUYPIA2","2023-10-28 20:45:25"
"0G1Hp000002np3jKAA","WorkGoal","000000000000000","005Hp00000hnUYPIA2","2023-10-28 20:45:25"
"0G1Hp000002np3kKAA","Goal","000000000000000","005Hp00000hnUYPIA2","2023-10-28 20:45:25"
"0G1Hp000002np3lKAA","Metric","000000000000000","005Hp00000hnUYPIA2","2023-10-28 20:45:25"
"0G1Hp000002np3mKAA","WorkPerformanceCycle","000000000000000","005Hp00000hnUYPIA2","2023-10-28 20:45:25"
"0G1Hp000002np3nKAA","WorkFeedbackRequest","000000000000000","005Hp00000hnUYPIA2","2023-10-28 20:45:25"
"0G1Hp000002np3oKAA","WorkUpgradeAction","000000000000000","005Hp00000hnUYPIA2","2023-10-28 20:45:25"
"0G1Hp000002np3pKAA","WorkUpgradeCustomer","000000000000000","005Hp00000hnUYPIA2","2023-10-28 20:45:25"
"0G1Hp000002np3qKAA","Topic","Description","005Hp00000hnUYPIA2","2023-10-28 20:45:25"
